HOL-HBD-1481,**start-asset**,**start-lang**,English,**start-html**,http://www.googledrive.com/host/0BwKvJQgQjgwdfkZvYXJrVkpGYkswUTlKanlIRUFoTno1ckx3ZVFLWkJOMFUxcHgtV29od2c/HOL-2014/hol-hbd-1481_html_en/,**start-pdf**,http://www.googledrive.com/host/0BwKvJQgQjgwdfkZvYXJrVkpGYkswUTlKanlIRUFoTno1ckx3ZVFLWkJOMFUxcHgtV29od2c/HOL-2014/hol-hbd-1481_pdf_en.pdf,**end-asset**,,,,,,,,,,,,,,,,,,,,,,,,,,,,,,,,,,,
HOL-HBD-1482,**start-asset**,**start-lang**,English,**start-html**,http://www.googledrive.com/host/0BwKvJQgQjgwdfkZvYXJrVkpGYkswUTlKanlIRUFoTno1ckx3ZVFLWkJOMFUxcHgtV29od2c/HOL-2014/hol-hbd-1482_html_en/,**start-pdf**,http://www.googledrive.com/host/0BwKvJQgQjgwdfkZvYXJrVkpGYkswUTlKanlIRUFoTno1ckx3ZVFLWkJOMFUxcHgtV29od2c/HOL-2014/hol-hbd-1482_pdf_en.pdf,**end-asset**,,,,,,,,,,,,,,,,,,,,,,,,,,,,,,,,,,,
HOL-HBD-1483,**start-asset**,**start-lang**,English,**start-html**,http://www.googledrive.com/host/0BwKvJQgQjgwdfkZvYXJrVkpGYkswUTlKanlIRUFoTno1ckx3ZVFLWkJOMFUxcHgtV29od2c/HOL-2014/hol-hbd-1483_html_en/,**start-pdf**,http://www.googledrive.com/host/0BwKvJQgQjgwdfkZvYXJrVkpGYkswUTlKanlIRUFoTno1ckx3ZVFLWkJOMFUxcHgtV29od2c/HOL-2014/hol-hbd-1483_pdf_en.pdf,**end-asset**,,,,,,,,,,,,,,,,,,,,,,,,,,,,,,,,,,,
HOL-HBD-1484,**start-asset**,**start-lang**,English,**start-html**,http://www.googledrive.com/host/0BwKvJQgQjgwdfkZvYXJrVkpGYkswUTlKanlIRUFoTno1ckx3ZVFLWkJOMFUxcHgtV29od2c/HOL-2014/hol-hbd-1484_html_en/,**start-pdf**,http://www.googledrive.com/host/0BwKvJQgQjgwdfkZvYXJrVkpGYkswUTlKanlIRUFoTno1ckx3ZVFLWkJOMFUxcHgtV29od2c/HOL-2014/hol-hbd-1484_pdf_en.pdf,**end-asset**,,,,,,,,,,,,,,,,,,,,,,,,,,,,,,,,,,,
HOL-MBL-1451,**start-asset**,**start-lang**,English,**start-html**,http://www.googledrive.com/host/0BwKvJQgQjgwdfkZvYXJrVkpGYkswUTlKanlIRUFoTno1ckx3ZVFLWkJOMFUxcHgtV29od2c/HOL-2014/hol-mbl-1451_html_en/,**start-pdf**,http://www.googledrive.com/host/0BwKvJQgQjgwdfkZvYXJrVkpGYkswUTlKanlIRUFoTno1ckx3ZVFLWkJOMFUxcHgtV29od2c/HOL-2014/hol-mbl-1451_pdf_en.pdf,**end-asset**,,,,,,,,,,,,,,,,,,,,,,,,,,,,,,,,,,,
HOL-MBL-1452,**start-asset**,**start-lang**,English,**start-html**,http://www.googledrive.com/host/0BwKvJQgQjgwdfkZvYXJrVkpGYkswUTlKanlIRUFoTno1ckx3ZVFLWkJOMFUxcHgtV29od2c/HOL-2014/hol-mbl-1452_html_en/,**start-pdf**,http://www.googledrive.com/host/0BwKvJQgQjgwdfkZvYXJrVkpGYkswUTlKanlIRUFoTno1ckx3ZVFLWkJOMFUxcHgtV29od2c/HOL-2014/hol-mbl-1452_pdf_en.pdf,**end-asset**,,,,,,,,,,,,,,,,,,,,,,,,,,,,,,,,,,,
HOL-MBL-1453,**start-asset**,**start-lang**,English,**start-html**,http://www.googledrive.com/host/0BwKvJQgQjgwdfkZvYXJrVkpGYkswUTlKanlIRUFoTno1ckx3ZVFLWkJOMFUxcHgtV29od2c/HOL-2014/hol-mbl-1453_html_en/,**start-pdf**,http://www.googledrive.com/host/0BwKvJQgQjgwdfkZvYXJrVkpGYkswUTlKanlIRUFoTno1ckx3ZVFLWkJOMFUxcHgtV29od2c/HOL-2014/hol-mbl-1453_pdf_en.pdf,**end-asset**,,,,,,,,,,,,,,,,,,,,,,,,,,,,,,,,,,,
HOL-MBL-1454,**start-asset**,**start-lang**,English,**start-html**,http://www.googledrive.com/host/0BwKvJQgQjgwdfkZvYXJrVkpGYkswUTlKanlIRUFoTno1ckx3ZVFLWkJOMFUxcHgtV29od2c/HOL-2014/hol-mbl-1454_html_en/,**start-pdf**,http://www.googledrive.com/host/0BwKvJQgQjgwdfkZvYXJrVkpGYkswUTlKanlIRUFoTno1ckx3ZVFLWkJOMFUxcHgtV29od2c/HOL-2014/hol-mbl-1454_pdf_en.pdf,**end-asset**,,,,,,,,,,,,,,,,,,,,,,,,,,,,,,,,,,,
HOL-MBL-1455,**start-asset**,**start-lang**,English,**start-html**,http://www.googledrive.com/host/0BwKvJQgQjgwdfkZvYXJrVkpGYkswUTlKanlIRUFoTno1ckx3ZVFLWkJOMFUxcHgtV29od2c/HOL-2014/hol-mbl-1455_html_en/,**start-pdf**,http://www.googledrive.com/host/0BwKvJQgQjgwdfkZvYXJrVkpGYkswUTlKanlIRUFoTno1ckx3ZVFLWkJOMFUxcHgtV29od2c/HOL-2014/hol-mbl-1455_pdf_en.pdf,**end-asset**,,,,,,,,,,,,,,,,,,,,,,,,,,,,,,,,,,,
HOL-MBL-1456,**start-asset**,**start-lang**,English,**start-html**,http://www.googledrive.com/host/0BwKvJQgQjgwdfkZvYXJrVkpGYkswUTlKanlIRUFoTno1ckx3ZVFLWkJOMFUxcHgtV29od2c/HOL-2014/hol-mbl-1456_html_en/,**start-pdf**,http://www.googledrive.com/host/0BwKvJQgQjgwdfkZvYXJrVkpGYkswUTlKanlIRUFoTno1ckx3ZVFLWkJOMFUxcHgtV29od2c/HOL-2014/hol-mbl-1456_pdf_en.pdf,**end-asset**,,,,,,,,,,,,,,,,,,,,,,,,,,,,,,,,,,,
HOL-MBL-1457,**start-asset**,**start-lang**,English,**start-html**,http://www.googledrive.com/host/0BwKvJQgQjgwdfkZvYXJrVkpGYkswUTlKanlIRUFoTno1ckx3ZVFLWkJOMFUxcHgtV29od2c/HOL-2014/hol-mbl-1457_html_en/,**start-pdf**,http://www.googledrive.com/host/0BwKvJQgQjgwdfkZvYXJrVkpGYkswUTlKanlIRUFoTno1ckx3ZVFLWkJOMFUxcHgtV29od2c/HOL-2014/hol-mbl-1457_pdf_en.pdf,**end-asset**,,,,,,,,,,,,,,,,,,,,,,,,,,,,,,,,,,,
HOL-PRT-1461,**start-asset**,**start-lang**,English,**start-html**,http://www.googledrive.com/host/0BwKvJQgQjgwdfkZvYXJrVkpGYkswUTlKanlIRUFoTno1ckx3ZVFLWkJOMFUxcHgtV29od2c/HOL-2014/hol-prt-1461_html_en/,**start-pdf**,http://www.googledrive.com/host/0BwKvJQgQjgwdfkZvYXJrVkpGYkswUTlKanlIRUFoTno1ckx3ZVFLWkJOMFUxcHgtV29od2c/HOL-2014/hol-prt-1461_pdf_en.pdf,**end-asset**,,,,,,,,,,,,,,,,,,,,,,,,,,,,,,,,,,,
HOL-PRT-1462,**start-asset**,**start-lang**,English,**start-html**,http://www.googledrive.com/host/0BwKvJQgQjgwdfkZvYXJrVkpGYkswUTlKanlIRUFoTno1ckx3ZVFLWkJOMFUxcHgtV29od2c/HOL-2014/hol-prt-1462_html_en/,**start-pdf**,http://www.googledrive.com/host/0BwKvJQgQjgwdfkZvYXJrVkpGYkswUTlKanlIRUFoTno1ckx3ZVFLWkJOMFUxcHgtV29od2c/HOL-2014/hol-prt-1462_pdf_en.pdf,**end-asset**,,,,,,,,,,,,,,,,,,,,,,,,,,,,,,,,,,,
HOL-PRT-1463,**start-asset**,**start-lang**,English,**start-html**,http://www.googledrive.com/host/0BwKvJQgQjgwdfkZvYXJrVkpGYkswUTlKanlIRUFoTno1ckx3ZVFLWkJOMFUxcHgtV29od2c/HOL-2014/hol-prt-1463_html_en/,**start-pdf**,http://www.googledrive.com/host/0BwKvJQgQjgwdfkZvYXJrVkpGYkswUTlKanlIRUFoTno1ckx3ZVFLWkJOMFUxcHgtV29od2c/HOL-2014/hol-prt-1463_pdf_en.pdf,**end-asset**,,,,,,,,,,,,,,,,,,,,,,,,,,,,,,,,,,,
HOL-PRT-1464,**start-asset**,**start-lang**,English,**start-html**,http://www.googledrive.com/host/0BwKvJQgQjgwdfkZvYXJrVkpGYkswUTlKanlIRUFoTno1ckx3ZVFLWkJOMFUxcHgtV29od2c/HOL-2014/hol-prt-1464_html_en/,**start-pdf**,http://www.googledrive.com/host/0BwKvJQgQjgwdfkZvYXJrVkpGYkswUTlKanlIRUFoTno1ckx3ZVFLWkJOMFUxcHgtV29od2c/HOL-2014/hol-prt-1464_pdf_en.pdf,**end-asset**,,,,,,,,,,,,,,,,,,,,,,,,,,,,,,,,,,,
HOL-PRT-1465,**start-asset**,**start-lang**,English,**start-html**,http://www.googledrive.com/host/0BwKvJQgQjgwdfkZvYXJrVkpGYkswUTlKanlIRUFoTno1ckx3ZVFLWkJOMFUxcHgtV29od2c/HOL-2014/hol-prt-1465_html_en/,**start-pdf**,http://www.googledrive.com/host/0BwKvJQgQjgwdfkZvYXJrVkpGYkswUTlKanlIRUFoTno1ckx3ZVFLWkJOMFUxcHgtV29od2c/HOL-2014/hol-prt-1465_pdf_en.pdf,**end-asset**,,,,,,,,,,,,,,,,,,,,,,,,,,,,,,,,,,,
HOL-PRT-1466,**start-asset**,**start-lang**,English,**start-html**,http://www.googledrive.com/host/0BwKvJQgQjgwdfkZvYXJrVkpGYkswUTlKanlIRUFoTno1ckx3ZVFLWkJOMFUxcHgtV29od2c/HOL-2014/hol-prt-1466_html_en/,**start-pdf**,http://www.googledrive.com/host/0BwKvJQgQjgwdfkZvYXJrVkpGYkswUTlKanlIRUFoTno1ckx3ZVFLWkJOMFUxcHgtV29od2c/HOL-2014/hol-prt-1466_pdf_en.pdf,**end-asset**,,,,,,,,,,,,,,,,,,,,,,,,,,,,,,,,,,,
HOL-PRT-1467,**start-asset**,**start-lang**,English,**start-html**,http://www.googledrive.com/host/0BwKvJQgQjgwdfkZvYXJrVkpGYkswUTlKanlIRUFoTno1ckx3ZVFLWkJOMFUxcHgtV29od2c/HOL-2014/hol-prt-1467_html_en/,**start-pdf**,http://www.googledrive.com/host/0BwKvJQgQjgwdfkZvYXJrVkpGYkswUTlKanlIRUFoTno1ckx3ZVFLWkJOMFUxcHgtV29od2c/HOL-2014/hol-prt-1467_pdf_en.pdf,**end-asset**,,,,,,,,,,,,,,,,,,,,,,,,,,,,,,,,,,,
HOL-PRT-1468,**start-asset**,**start-lang**,English,**start-html**,http://www.googledrive.com/host/0BwKvJQgQjgwdfkZvYXJrVkpGYkswUTlKanlIRUFoTno1ckx3ZVFLWkJOMFUxcHgtV29od2c/HOL-2014/hol-prt-1468_html_en/,**start-pdf**,http://www.googledrive.com/host/0BwKvJQgQjgwdfkZvYXJrVkpGYkswUTlKanlIRUFoTno1ckx3ZVFLWkJOMFUxcHgtV29od2c/HOL-2014/hol-prt-1468_pdf_en.pdf,**end-asset**,,,,,,,,,,,,,,,,,,,,,,,,,,,,,,,,,,,
HOL-PRT-1469,**start-asset**,**start-lang**,English,**start-html**,http://www.googledrive.com/host/0BwKvJQgQjgwdfkZvYXJrVkpGYkswUTlKanlIRUFoTno1ckx3ZVFLWkJOMFUxcHgtV29od2c/HOL-2014/hol-prt-1469_html_en/,**start-pdf**,http://www.googledrive.com/host/0BwKvJQgQjgwdfkZvYXJrVkpGYkswUTlKanlIRUFoTno1ckx3ZVFLWkJOMFUxcHgtV29od2c/HOL-2014/hol-prt-1469_pdf_en.pdf,**end-asset**,,,,,,,,,,,,,,,,,,,,,,,,,,,,,,,,,,,
HOL-PRT-1470,**start-asset**,**start-lang**,English,**start-html**,http://www.googledrive.com/host/0BwKvJQgQjgwdfkZvYXJrVkpGYkswUTlKanlIRUFoTno1ckx3ZVFLWkJOMFUxcHgtV29od2c/HOL-2014/hol-prt-1470_html_en/,**start-pdf**,http://www.googledrive.com/host/0BwKvJQgQjgwdfkZvYXJrVkpGYkswUTlKanlIRUFoTno1ckx3ZVFLWkJOMFUxcHgtV29od2c/HOL-2014/hol-prt-1470_pdf_en.pdf,**end-asset**,,,,,,,,,,,,,,,,,,,,,,,,,,,,,,,,,,,
HOL-PRT-1471,**start-asset**,**start-lang**,English,**start-html**,http://www.googledrive.com/host/0BwKvJQgQjgwdfkZvYXJrVkpGYkswUTlKanlIRUFoTno1ckx3ZVFLWkJOMFUxcHgtV29od2c/HOL-2014/hol-prt-1471_html_en/,**start-pdf**,http://www.googledrive.com/host/0BwKvJQgQjgwdfkZvYXJrVkpGYkswUTlKanlIRUFoTno1ckx3ZVFLWkJOMFUxcHgtV29od2c/HOL-2014/hol-prt-1471_pdf_en.pdf,**end-asset**,,,,,,,,,,,,,,,,,,,,,,,,,,,,,,,,,,,
HOL-PRT-1472,**start-asset**,**start-lang**,English,**start-html**,http://www.googledrive.com/host/0BwKvJQgQjgwdfkZvYXJrVkpGYkswUTlKanlIRUFoTno1ckx3ZVFLWkJOMFUxcHgtV29od2c/HOL-2014/hol-prt-1472_html_en/,**start-pdf**,http://www.googledrive.com/host/0BwKvJQgQjgwdfkZvYXJrVkpGYkswUTlKanlIRUFoTno1ckx3ZVFLWkJOMFUxcHgtV29od2c/HOL-2014/hol-prt-1472_pdf_en.pdf,**end-asset**,,,,,,,,,,,,,,,,,,,,,,,,,,,,,,,,,,,
HOL-SDC-1401,**start-asset**,**start-lang**,English,**start-html**,http://www.googledrive.com/host/0BwKvJQgQjgwdfkZvYXJrVkpGYkswUTlKanlIRUFoTno1ckx3ZVFLWkJOMFUxcHgtV29od2c/HOL-2014/hol-sdc-1401_html_en/,**start-pdf**,http://www.googledrive.com/host/0BwKvJQgQjgwdfkZvYXJrVkpGYkswUTlKanlIRUFoTno1ckx3ZVFLWkJOMFUxcHgtV29od2c/HOL-2014/hol-sdc-1401_pdf_en.pdf,**end-asset**,,,,,,,,,,,,,,,,,,,,,,,,,,,,,,,,,,,
HOL-SDC-1402,**start-asset**,**start-lang**,English,**start-html**,http://www.googledrive.com/host/0BwKvJQgQjgwdfkZvYXJrVkpGYkswUTlKanlIRUFoTno1ckx3ZVFLWkJOMFUxcHgtV29od2c/HOL-2014/hol-sdc-1402_html_en/,**start-pdf**,http://www.googledrive.com/host/0BwKvJQgQjgwdfkZvYXJrVkpGYkswUTlKanlIRUFoTno1ckx3ZVFLWkJOMFUxcHgtV29od2c/HOL-2014/hol-sdc-1402_pdf_en.pdf,**end-asset**,,,,,,,,,,,,,,,,,,,,,,,,,,,,,,,,,,,
HOL-SDC-1403,**start-asset**,**start-lang**,English,**start-html**,http://www.googledrive.com/host/0BwKvJQgQjgwdfkZvYXJrVkpGYkswUTlKanlIRUFoTno1ckx3ZVFLWkJOMFUxcHgtV29od2c/HOL-2014/hol-sdc-1403_html_en/,**start-pdf**,http://www.googledrive.com/host/0BwKvJQgQjgwdfkZvYXJrVkpGYkswUTlKanlIRUFoTno1ckx3ZVFLWkJOMFUxcHgtV29od2c/HOL-2014/hol-sdc-1403_pdf_en.pdf,**end-asset**,,,,,,,,,,,,,,,,,,,,,,,,,,,,,,,,,,,
HOL-SDC-1404,**start-asset**,**start-lang**,English,**start-html**,http://www.googledrive.com/host/0BwKvJQgQjgwdfkZvYXJrVkpGYkswUTlKanlIRUFoTno1ckx3ZVFLWkJOMFUxcHgtV29od2c/HOL-2014/hol-sdc-1404_html_en/,**start-pdf**,http://www.googledrive.com/host/0BwKvJQgQjgwdfkZvYXJrVkpGYkswUTlKanlIRUFoTno1ckx3ZVFLWkJOMFUxcHgtV29od2c/HOL-2014/hol-sdc-1404_pdf_en.pdf,**end-asset**,,,,,,,,,,,,,,,,,,,,,,,,,,,,,,,,,,,
HOL-SDC-1405,**start-asset**,**start-lang**,English,**start-html**,http://www.googledrive.com/host/0BwKvJQgQjgwdfkZvYXJrVkpGYkswUTlKanlIRUFoTno1ckx3ZVFLWkJOMFUxcHgtV29od2c/HOL-2014/hol-sdc-1405_html_en/,**start-pdf**,http://www.googledrive.com/host/0BwKvJQgQjgwdfkZvYXJrVkpGYkswUTlKanlIRUFoTno1ckx3ZVFLWkJOMFUxcHgtV29od2c/HOL-2014/hol-sdc-1405_pdf_en.pdf,**end-asset**,,,,,,,,,,,,,,,,,,,,,,,,,,,,,,,,,,,
HOL-SDC-1406,**start-asset**,**start-lang**,English,**start-html**,http://www.googledrive.com/host/0BwKvJQgQjgwdfkZvYXJrVkpGYkswUTlKanlIRUFoTno1ckx3ZVFLWkJOMFUxcHgtV29od2c/HOL-2014/hol-sdc-1406_html_en/,**start-pdf**,http://www.googledrive.com/host/0BwKvJQgQjgwdfkZvYXJrVkpGYkswUTlKanlIRUFoTno1ckx3ZVFLWkJOMFUxcHgtV29od2c/HOL-2014/hol-sdc-1406_pdf_en.pdf,**end-asset**,,,,,,,,,,,,,,,,,,,,,,,,,,,,,,,,,,,
HOL-SDC-1407,**start-asset**,**start-lang**,English,**start-html**,http://www.googledrive.com/host/0BwKvJQgQjgwdfkZvYXJrVkpGYkswUTlKanlIRUFoTno1ckx3ZVFLWkJOMFUxcHgtV29od2c/HOL-2014/hol-sdc-1407_html_en/,**start-pdf**,http://www.googledrive.com/host/0BwKvJQgQjgwdfkZvYXJrVkpGYkswUTlKanlIRUFoTno1ckx3ZVFLWkJOMFUxcHgtV29od2c/HOL-2014/hol-sdc-1407_pdf_en.pdf,**end-asset**,,,,,,,,,,,,,,,,,,,,,,,,,,,,,,,,,,,
HOL-SDC-1408,**start-asset**,**start-lang**,English,**start-html**,http://www.googledrive.com/host/0BwKvJQgQjgwdfkZvYXJrVkpGYkswUTlKanlIRUFoTno1ckx3ZVFLWkJOMFUxcHgtV29od2c/HOL-2014/hol-sdc-1408_html_en/,**start-pdf**,http://www.googledrive.com/host/0BwKvJQgQjgwdfkZvYXJrVkpGYkswUTlKanlIRUFoTno1ckx3ZVFLWkJOMFUxcHgtV29od2c/HOL-2014/hol-sdc-1408_pdf_en.pdf,**end-asset**,,,,,,,,,,,,,,,,,,,,,,,,,,,,,,,,,,,
HOL-SDC-1409,**start-asset**,**start-lang**,English,**start-html**,http://www.googledrive.com/host/0BwKvJQgQjgwdfkZvYXJrVkpGYkswUTlKanlIRUFoTno1ckx3ZVFLWkJOMFUxcHgtV29od2c/HOL-2014/hol-sdc-1409_html_en/,**start-pdf**,http://www.googledrive.com/host/0BwKvJQgQjgwdfkZvYXJrVkpGYkswUTlKanlIRUFoTno1ckx3ZVFLWkJOMFUxcHgtV29od2c/HOL-2014/hol-sdc-1409_pdf_en.pdf,**end-asset**,,,,,,,,,,,,,,,,,,,,,,,,,,,,,,,,,,,
HOL-SDC-1410,**start-asset**,**start-lang**,English,**start-html**,http://www.googledrive.com/host/0BwKvJQgQjgwdfkZvYXJrVkpGYkswUTlKanlIRUFoTno1ckx3ZVFLWkJOMFUxcHgtV29od2c/HOL-2014/hol-sdc-1410_html_en/,**start-pdf**,http://www.googledrive.com/host/0BwKvJQgQjgwdfkZvYXJrVkpGYkswUTlKanlIRUFoTno1ckx3ZVFLWkJOMFUxcHgtV29od2c/HOL-2014/hol-sdc-1410_pdf_en.pdf,**end-asset**,,,,,,,,,,,,,,,,,,,,,,,,,,,,,,,,,,,
HOL-SDC-1411,**start-asset**,**start-lang**,English,**start-html**,http://www.googledrive.com/host/0BwKvJQgQjgwdfkZvYXJrVkpGYkswUTlKanlIRUFoTno1ckx3ZVFLWkJOMFUxcHgtV29od2c/HOL-2014/hol-sdc-1411_html_en/,**start-pdf**,http://www.googledrive.com/host/0BwKvJQgQjgwdfkZvYXJrVkpGYkswUTlKanlIRUFoTno1ckx3ZVFLWkJOMFUxcHgtV29od2c/HOL-2014/hol-sdc-1411_pdf_en.pdf,**end-asset**,,,,,,,,,,,,,,,,,,,,,,,,,,,,,,,,,,,
HOL-SDC-1412,**start-asset**,**start-lang**,English,**start-html**,http://www.googledrive.com/host/0BwKvJQgQjgwdfkZvYXJrVkpGYkswUTlKanlIRUFoTno1ckx3ZVFLWkJOMFUxcHgtV29od2c/HOL-2014/hol-sdc-1412_html_en/,**start-pdf**,http://www.googledrive.com/host/0BwKvJQgQjgwdfkZvYXJrVkpGYkswUTlKanlIRUFoTno1ckx3ZVFLWkJOMFUxcHgtV29od2c/HOL-2014/hol-sdc-1412_pdf_en.pdf,**end-asset**,,,,,,,,,,,,,,,,,,,,,,,,,,,,,,,,,,,
HOL-SDC-1413,**start-asset**,**start-lang**,English,**start-html**,http://www.googledrive.com/host/0BwKvJQgQjgwdfkZvYXJrVkpGYkswUTlKanlIRUFoTno1ckx3ZVFLWkJOMFUxcHgtV29od2c/HOL-2014/hol-sdc-1413_html_en/,**start-pdf**,http://www.googledrive.com/host/0BwKvJQgQjgwdfkZvYXJrVkpGYkswUTlKanlIRUFoTno1ckx3ZVFLWkJOMFUxcHgtV29od2c/HOL-2014/hol-sdc-1413_pdf_en.pdf,**end-asset**,,,,,,,,,,,,,,,,,,,,,,,,,,,,,,,,,,,
HOL-SDC-1415,**start-asset**,**start-lang**,English,**start-html**,http://www.googledrive.com/host/0BwKvJQgQjgwdfkZvYXJrVkpGYkswUTlKanlIRUFoTno1ckx3ZVFLWkJOMFUxcHgtV29od2c/HOL-2014/hol-sdc-1415_html_en/,**start-pdf**,http://www.googledrive.com/host/0BwKvJQgQjgwdfkZvYXJrVkpGYkswUTlKanlIRUFoTno1ckx3ZVFLWkJOMFUxcHgtV29od2c/HOL-2014/hol-sdc-1415_pdf_en.pdf,**end-asset**,,,,,,,,,,,,,,,,,,,,,,,,,,,,,,,,,,,
HOL-SDC-1416,**start-asset**,**start-lang**,English,**start-html**,http://www.googledrive.com/host/0BwKvJQgQjgwdfkZvYXJrVkpGYkswUTlKanlIRUFoTno1ckx3ZVFLWkJOMFUxcHgtV29od2c/HOL-2014/hol-sdc-1416_html_en/,**start-pdf**,http://www.googledrive.com/host/0BwKvJQgQjgwdfkZvYXJrVkpGYkswUTlKanlIRUFoTno1ckx3ZVFLWkJOMFUxcHgtV29od2c/HOL-2014/hol-sdc-1416_pdf_en.pdf,**end-asset**,,,,,,,,,,,,,,,,,,,,,,,,,,,,,,,,,,,
HOL-SDC-1420,**start-asset**,**start-lang**,English,**start-html**,http://www.googledrive.com/host/0BwKvJQgQjgwdfkZvYXJrVkpGYkswUTlKanlIRUFoTno1ckx3ZVFLWkJOMFUxcHgtV29od2c/HOL-2014/hol-sdc-1420_html_en/,**start-pdf**,http://www.googledrive.com/host/0BwKvJQgQjgwdfkZvYXJrVkpGYkswUTlKanlIRUFoTno1ckx3ZVFLWkJOMFUxcHgtV29od2c/HOL-2014/hol-sdc-1420_pdf_en.pdf,**end-asset**,,,,,,,,,,,,,,,,,,,,,,,,,,,,,,,,,,,
HOL-SDC-1421,**start-asset**,**start-lang**,English,**start-html**,http://www.googledrive.com/host/0BwKvJQgQjgwdfkZvYXJrVkpGYkswUTlKanlIRUFoTno1ckx3ZVFLWkJOMFUxcHgtV29od2c/HOL-2014/hol-sdc-1421_html_en/,**start-pdf**,http://www.googledrive.com/host/0BwKvJQgQjgwdfkZvYXJrVkpGYkswUTlKanlIRUFoTno1ckx3ZVFLWkJOMFUxcHgtV29od2c/HOL-2014/hol-sdc-1421_pdf_en.pdf,**end-asset**,,,,,,,,,,,,,,,,,,,,,,,,,,,,,,,,,,,
HOL-SDC-1422,**start-asset**,**start-lang**,English,**start-html**,http://www.googledrive.com/host/0BwKvJQgQjgwdfkZvYXJrVkpGYkswUTlKanlIRUFoTno1ckx3ZVFLWkJOMFUxcHgtV29od2c/HOL-2014/hol-sdc-1422_html_en/,**start-pdf**,http://www.googledrive.com/host/0BwKvJQgQjgwdfkZvYXJrVkpGYkswUTlKanlIRUFoTno1ckx3ZVFLWkJOMFUxcHgtV29od2c/HOL-2014/hol-sdc-1422_pdf_en.pdf,**end-asset**,,,,,,,,,,,,,,,,,,,,,,,,,,,,,,,,,,,
HOL-SDC-1423,**start-asset**,**start-lang**,English,**start-html**,http://www.googledrive.com/host/0BwKvJQgQjgwdfkZvYXJrVkpGYkswUTlKanlIRUFoTno1ckx3ZVFLWkJOMFUxcHgtV29od2c/HOL-2014/hol-sdc-1423_html_en/,**start-pdf**,http://www.googledrive.com/host/0BwKvJQgQjgwdfkZvYXJrVkpGYkswUTlKanlIRUFoTno1ckx3ZVFLWkJOMFUxcHgtV29od2c/HOL-2014/hol-sdc-1423_pdf_en.pdf,**end-asset**,,,,,,,,,,,,,,,,,,,,,,,,,,,,,,,,,,,
HOL-SDC-1424,**start-asset**,**start-lang**,English,**start-html**,http://www.googledrive.com/host/0BwKvJQgQjgwdfkZvYXJrVkpGYkswUTlKanlIRUFoTno1ckx3ZVFLWkJOMFUxcHgtV29od2c/HOL-2014/hol-sdc-1424_html_en/,**start-pdf**,http://www.googledrive.com/host/0BwKvJQgQjgwdfkZvYXJrVkpGYkswUTlKanlIRUFoTno1ckx3ZVFLWkJOMFUxcHgtV29od2c/HOL-2014/hol-sdc-1424_pdf_en.pdf,**end-asset**,,,,,,,,,,,,,,,,,,,,,,,,,,,,,,,,,,,
HOL-SDC-1425,**start-asset**,**start-lang**,English,**start-html**,http://www.googledrive.com/host/0BwKvJQgQjgwdfkZvYXJrVkpGYkswUTlKanlIRUFoTno1ckx3ZVFLWkJOMFUxcHgtV29od2c/HOL-2014/hol-sdc-1425_html_en/,**start-pdf**,http://www.googledrive.com/host/0BwKvJQgQjgwdfkZvYXJrVkpGYkswUTlKanlIRUFoTno1ckx3ZVFLWkJOMFUxcHgtV29od2c/HOL-2014/hol-sdc-1425_pdf_en.pdf,**end-asset**,,,,,,,,,,,,,,,,,,,,,,,,,,,,,,,,,,,
HOL-SDC-1426,**start-asset**,**start-lang**,English,**start-html**,http://www.googledrive.com/host/0BwKvJQgQjgwdfkZvYXJrVkpGYkswUTlKanlIRUFoTno1ckx3ZVFLWkJOMFUxcHgtV29od2c/HOL-2014/hol-sdc-1426_html_en/,**start-pdf**,http://www.googledrive.com/host/0BwKvJQgQjgwdfkZvYXJrVkpGYkswUTlKanlIRUFoTno1ckx3ZVFLWkJOMFUxcHgtV29od2c/HOL-2014/hol-sdc-1426_pdf_en.pdf,**end-asset**,,,,,,,,,,,,,,,,,,,,,,,,,,,,,,,,,,,
HOL-SDC-1427,**start-asset**,**start-lang**,English,**start-html**,http://www.googledrive.com/host/0BwKvJQgQjgwdfkZvYXJrVkpGYkswUTlKanlIRUFoTno1ckx3ZVFLWkJOMFUxcHgtV29od2c/HOL-2014/hol-sdc-1427_html_en/,**start-pdf**,http://www.googledrive.com/host/0BwKvJQgQjgwdfkZvYXJrVkpGYkswUTlKanlIRUFoTno1ckx3ZVFLWkJOMFUxcHgtV29od2c/HOL-2014/hol-sdc-1427_pdf_en.pdf,**end-asset**,,,,,,,,,,,,,,,,,,,,,,,,,,,,,,,,,,,
HOL-SDC-1428,**start-asset**,**start-lang**,English,**start-html**,http://www.googledrive.com/host/0BwKvJQgQjgwdfkZvYXJrVkpGYkswUTlKanlIRUFoTno1ckx3ZVFLWkJOMFUxcHgtV29od2c/HOL-2014/hol-sdc-1428_html_en/,**start-pdf**,http://www.googledrive.com/host/0BwKvJQgQjgwdfkZvYXJrVkpGYkswUTlKanlIRUFoTno1ckx3ZVFLWkJOMFUxcHgtV29od2c/HOL-2014/hol-sdc-1428_pdf_en.pdf,**end-asset**,,,,,,,,,,,,,,,,,,,,,,,,,,,,,,,,,,,
HOL-SDC-1429,**start-asset**,**start-lang**,English,**start-html**,http://www.googledrive.com/host/0BwKvJQgQjgwdfkZvYXJrVkpGYkswUTlKanlIRUFoTno1ckx3ZVFLWkJOMFUxcHgtV29od2c/HOL-2014/hol-sdc-1429_html_en/,**start-pdf**,http://www.googledrive.com/host/0BwKvJQgQjgwdfkZvYXJrVkpGYkswUTlKanlIRUFoTno1ckx3ZVFLWkJOMFUxcHgtV29od2c/HOL-2014/hol-sdc-1429_pdf_en.pdf,**end-asset**,,,,,,,,,,,,,,,,,,,,,,,,,,,,,,,,,,,
HOL-SDC-1430,**start-asset**,**start-lang**,English,**start-html**,http://www.googledrive.com/host/0BwKvJQgQjgwdfkZvYXJrVkpGYkswUTlKanlIRUFoTno1ckx3ZVFLWkJOMFUxcHgtV29od2c/HOL-2014/hol-sdc-1430_html_en/,**start-pdf**,http://www.googledrive.com/host/0BwKvJQgQjgwdfkZvYXJrVkpGYkswUTlKanlIRUFoTno1ckx3ZVFLWkJOMFUxcHgtV29od2c/HOL-2014/hol-sdc-1430_pdf_en.pdf,**end-asset**,,,,,,,,,,,,,,,,,,,,,,,,,,,,,,,,,,,
HOL-SDC-1431,**start-asset**,**start-lang**,English,**start-html**,http://www.googledrive.com/host/0BwKvJQgQjgwdfkZvYXJrVkpGYkswUTlKanlIRUFoTno1ckx3ZVFLWkJOMFUxcHgtV29od2c/HOL-2014/hol-sdc-1431_html_en/,**start-pdf**,http://www.googledrive.com/host/0BwKvJQgQjgwdfkZvYXJrVkpGYkswUTlKanlIRUFoTno1ckx3ZVFLWkJOMFUxcHgtV29od2c/HOL-2014/hol-sdc-1431_pdf_en.pdf,**end-asset**,,,,,,,,,,,,,,,,,,,,,,,,,,,,,,,,,,,
HOL-CHG-1695,**start-asset**,**start-lang**,English,**start-html**,http://www.googledrive.com/host/0BwKvJQgQjgwdfkZvYXJrVkpGYkswUTlKanlIRUFoTno1ckx3ZVFLWkJOMFUxcHgtV29od2c/HOL-2016/hol-chg-1695-hol_html_en/,**start-pdf**,http://www.googledrive.com/host/0BwKvJQgQjgwdfkZvYXJrVkpGYkswUTlKanlIRUFoTno1ckx3ZVFLWkJOMFUxcHgtV29od2c/HOL-2016/hol-chg-1695-hol_pdf_en.pdf,**next-lang**,**start-lang**,___ (Japanese),**start-html**,http://www.googledrive.com/host/0BwKvJQgQjgwdfkZvYXJrVkpGYkswUTlKanlIRUFoTno1ckx3ZVFLWkJOMFUxcHgtV29od2c/HOL-2016/hol-chg-1695-hol_html_ja/,**start-pdf**,http://www.googledrive.com/host/0BwKvJQgQjgwdfkZvYXJrVkpGYkswUTlKanlIRUFoTno1ckx3ZVFLWkJOMFUxcHgtV29od2c/HOL-2016/hol-chg-1695-hol_pdf_ja.pdf,**next-lang**,**start-lang**,__ (Chinese),**start-html**,http://www.googledrive.com/host/0BwKvJQgQjgwdfkZvYXJrVkpGYkswUTlKanlIRUFoTno1ckx3ZVFLWkJOMFUxcHgtV29od2c/HOL-2016/hol-chg-1695-hol_html_zh/,**start-pdf**,http://www.googledrive.com/host/0BwKvJQgQjgwdfkZvYXJrVkpGYkswUTlKanlIRUFoTno1ckx3ZVFLWkJOMFUxcHgtV29od2c/HOL-2016/hol-chg-1695-hol_pdf_zh.pdf,**end-asset**,,,,,,,,,,,,,,,,,,,,,
HOL-HBD-1681,**start-asset**,**start-lang**,English,**start-html**,http://www.googledrive.com/host/0BwKvJQgQjgwdfkZvYXJrVkpGYkswUTlKanlIRUFoTno1ckx3ZVFLWkJOMFUxcHgtV29od2c/HOL-2016/hol-hbd-1681_html_en/,**start-pdf**,http://www.googledrive.com/host/0BwKvJQgQjgwdfkZvYXJrVkpGYkswUTlKanlIRUFoTno1ckx3ZVFLWkJOMFUxcHgtV29od2c/HOL-2016/hol-hbd-1681_pdf_en.pdf,**next-lang**,**start-lang**,___ (Japanese),**start-html**,http://www.googledrive.com/host/0BwKvJQgQjgwdfkZvYXJrVkpGYkswUTlKanlIRUFoTno1ckx3ZVFLWkJOMFUxcHgtV29od2c/HOL-2016/hol-hbd-1681_html_ja/,**start-pdf**,http://www.googledrive.com/host/0BwKvJQgQjgwdfkZvYXJrVkpGYkswUTlKanlIRUFoTno1ckx3ZVFLWkJOMFUxcHgtV29od2c/HOL-2016/hol-hbd-1681_pdf_ja.pdf,**end-asset**,,,,,,,,,,,,,,,,,,,,,,,,,,,,
HOL-HBD-1682,**start-asset**,**start-lang**,English,**start-html**,http://www.googledrive.com/host/0BwKvJQgQjgwdfkZvYXJrVkpGYkswUTlKanlIRUFoTno1ckx3ZVFLWkJOMFUxcHgtV29od2c/HOL-2016/hol-hbd-1682_html_en/,**start-pdf**,http://www.googledrive.com/host/0BwKvJQgQjgwdfkZvYXJrVkpGYkswUTlKanlIRUFoTno1ckx3ZVFLWkJOMFUxcHgtV29od2c/HOL-2016/hol-hbd-1682_pdf_en.pdf,**end-asset**,,,,,,,,,,,,,,,,,,,,,,,,,,,,,,,,,,,
HOL-HBD-1683,**start-asset**,**start-lang**,English,**start-html**,http://www.googledrive.com/host/0BwKvJQgQjgwdfkZvYXJrVkpGYkswUTlKanlIRUFoTno1ckx3ZVFLWkJOMFUxcHgtV29od2c/HOL-2016/hol-hbd-1683_html_en/,**start-pdf**,http://www.googledrive.com/host/0BwKvJQgQjgwdfkZvYXJrVkpGYkswUTlKanlIRUFoTno1ckx3ZVFLWkJOMFUxcHgtV29od2c/HOL-2016/hol-hbd-1683_pdf_en.pdf,**end-asset**,,,,,,,,,,,,,,,,,,,,,,,,,,,,,,,,,,,
HOL-HBD-1684,**start-asset**,**start-lang**,English,**start-html**,http://www.googledrive.com/host/0BwKvJQgQjgwdfkZvYXJrVkpGYkswUTlKanlIRUFoTno1ckx3ZVFLWkJOMFUxcHgtV29od2c/HOL-2016/hol-hbd-1684_html_en/,**start-pdf**,http://www.googledrive.com/host/0BwKvJQgQjgwdfkZvYXJrVkpGYkswUTlKanlIRUFoTno1ckx3ZVFLWkJOMFUxcHgtV29od2c/HOL-2016/hol-hbd-1684_pdf_en.pdf,**next-lang**,**start-lang**,___ (Japanese),**start-html**,http://www.googledrive.com/host/0BwKvJQgQjgwdfkZvYXJrVkpGYkswUTlKanlIRUFoTno1ckx3ZVFLWkJOMFUxcHgtV29od2c/HOL-2016/hol-hbd-1684_html_ja/,**start-pdf**,http://www.googledrive.com/host/0BwKvJQgQjgwdfkZvYXJrVkpGYkswUTlKanlIRUFoTno1ckx3ZVFLWkJOMFUxcHgtV29od2c/HOL-2016/hol-hbd-1684_pdf_ja.pdf,**end-asset**,,,,,,,,,,,,,,,,,,,,,,,,,,,,
HOL-HBD-1685,**start-asset**,**start-lang**,English,**start-html**,http://www.googledrive.com/host/0BwKvJQgQjgwdfkZvYXJrVkpGYkswUTlKanlIRUFoTno1ckx3ZVFLWkJOMFUxcHgtV29od2c/HOL-2016/hol-hbd-1685_html_en/,**start-pdf**,http://www.googledrive.com/host/0BwKvJQgQjgwdfkZvYXJrVkpGYkswUTlKanlIRUFoTno1ckx3ZVFLWkJOMFUxcHgtV29od2c/HOL-2016/hol-hbd-1685_pdf_en.pdf,**end-asset**,,,**start-html**,http://www.googledrive.com/host/0BwKvJQgQjgwdfkZvYXJrVkpGYkswUTlKanlIRUFoTno1ckx3ZVFLWkJOMFUxcHgtV29od2c/HOL-2016/hol-hbd-1686_html_en/,**start-pdf**,http://www.googledrive.com/host/0BwKvJQgQjgwdfkZvYXJrVkpGYkswUTlKanlIRUFoTno1ckx3ZVFLWkJOMFUxcHgtV29od2c/HOL-2016/hol-hbd-1686_pdf_en.pdf,,,,,,,,,,,,,,,,,,,,,,,,,,,,,
HOL-HBD-1686,**start-asset**,**start-lang**,English,**start-html**,http://www.googledrive.com/host/0BwKvJQgQjgwdfkZvYXJrVkpGYkswUTlKanlIRUFoTno1ckx3ZVFLWkJOMFUxcHgtV29od2c/HOL-2016/hol-hbd-1686_html_en/,**start-pdf**,http://www.googledrive.com/host/0BwKvJQgQjgwdfkZvYXJrVkpGYkswUTlKanlIRUFoTno1ckx3ZVFLWkJOMFUxcHgtV29od2c/HOL-2016/hol-hbd-1686_pdf_en.pdf,**next-lang**,**start-lang**,___ (Japanese),**start-html**,http://www.googledrive.com/host/0BwKvJQgQjgwdfkZvYXJrVkpGYkswUTlKanlIRUFoTno1ckx3ZVFLWkJOMFUxcHgtV29od2c/HOL-2016/hol-hbd-1686_html_ja/,**start-pdf**,http://www.googledrive.com/host/0BwKvJQgQjgwdfkZvYXJrVkpGYkswUTlKanlIRUFoTno1ckx3ZVFLWkJOMFUxcHgtV29od2c/HOL-2016/hol-hbd-1686_pdf_ja.pdf,**end-asset**,,,,,,,,,,,,,,,,,,,,,,,,,,,,
HOL-MBL-1651,**start-asset**,**start-lang**,English,**start-html**,http://www.googledrive.com/host/0BwKvJQgQjgwdfkZvYXJrVkpGYkswUTlKanlIRUFoTno1ckx3ZVFLWkJOMFUxcHgtV29od2c/HOL-2016/hol-mbl-1651_html_en/,**start-pdf**,http://www.googledrive.com/host/0BwKvJQgQjgwdfkZvYXJrVkpGYkswUTlKanlIRUFoTno1ckx3ZVFLWkJOMFUxcHgtV29od2c/HOL-2016/hol-mbl-1651_pdf_en.pdf,**next-lang**,**start-lang**,___ (Japanese),**start-html**,http://www.googledrive.com/host/0BwKvJQgQjgwdfkZvYXJrVkpGYkswUTlKanlIRUFoTno1ckx3ZVFLWkJOMFUxcHgtV29od2c/HOL-2016/hol-mbl-1651_html_ja/,**start-pdf**,http://www.googledrive.com/host/0BwKvJQgQjgwdfkZvYXJrVkpGYkswUTlKanlIRUFoTno1ckx3ZVFLWkJOMFUxcHgtV29od2c/HOL-2016/hol-mbl-1651_pdf_ja.pdf,**next-lang**,**start-lang**,__ (Chinese),**start-html**,http://www.googledrive.com/host/0BwKvJQgQjgwdfkZvYXJrVkpGYkswUTlKanlIRUFoTno1ckx3ZVFLWkJOMFUxcHgtV29od2c/HOL-2016/hol-mbl-1651_html_zh/,**start-pdf**,http://www.googledrive.com/host/0BwKvJQgQjgwdfkZvYXJrVkpGYkswUTlKanlIRUFoTno1ckx3ZVFLWkJOMFUxcHgtV29od2c/HOL-2016/hol-mbl-1651_pdf_zh.pdf,,,,,,,,,,,,,,,,,,,,,,
HOL-MBL-1652,**start-asset**,**start-lang**,English,**start-html**,http://www.googledrive.com/host/0BwKvJQgQjgwdfkZvYXJrVkpGYkswUTlKanlIRUFoTno1ckx3ZVFLWkJOMFUxcHgtV29od2c/HOL-2016/hol-mbl-1652_html_en/,**start-pdf**,http://www.googledrive.com/host/0BwKvJQgQjgwdfkZvYXJrVkpGYkswUTlKanlIRUFoTno1ckx3ZVFLWkJOMFUxcHgtV29od2c/HOL-2016/hol-mbl-1652_pdf_en.pdf,**next-lang**,**start-lang**,___ (Japanese),**start-html**,http://www.googledrive.com/host/0BwKvJQgQjgwdfkZvYXJrVkpGYkswUTlKanlIRUFoTno1ckx3ZVFLWkJOMFUxcHgtV29od2c/HOL-2016/hol-mbl-1652_html_ja/,**start-pdf**,http://www.googledrive.com/host/0BwKvJQgQjgwdfkZvYXJrVkpGYkswUTlKanlIRUFoTno1ckx3ZVFLWkJOMFUxcHgtV29od2c/HOL-2016/hol-mbl-1652_pdf_ja.pdf,**next-lang**,**start-lang**,__ (Chinese),**start-html**,http://www.googledrive.com/host/0BwKvJQgQjgwdfkZvYXJrVkpGYkswUTlKanlIRUFoTno1ckx3ZVFLWkJOMFUxcHgtV29od2c/HOL-2016/hol-mbl-1652_html_zh/,**start-pdf**,http://www.googledrive.com/host/0BwKvJQgQjgwdfkZvYXJrVkpGYkswUTlKanlIRUFoTno1ckx3ZVFLWkJOMFUxcHgtV29od2c/HOL-2016/hol-mbl-1652_pdf_zh.pdf,**end-asset**,,,,,,,,,,,,,,,,,,,,,
HOL-MBL-1653,**start-asset**,**start-lang**,English,**start-html**,http://www.googledrive.com/host/0BwKvJQgQjgwdfkZvYXJrVkpGYkswUTlKanlIRUFoTno1ckx3ZVFLWkJOMFUxcHgtV29od2c/HOL-2016/hol-mbl-1653_html_en/,**start-pdf**,http://www.googledrive.com/host/0BwKvJQgQjgwdfkZvYXJrVkpGYkswUTlKanlIRUFoTno1ckx3ZVFLWkJOMFUxcHgtV29od2c/HOL-2016/hol-mbl-1653_pdf_en.pdf,**end-asset**,,,,,,,,,,,,,,,,,,,,,,,,,,,,,,,,,,,
HOL-MBL-1654,**start-asset**,**start-lang**,English,**start-html**,http://www.googledrive.com/host/0BwKvJQgQjgwdfkZvYXJrVkpGYkswUTlKanlIRUFoTno1ckx3ZVFLWkJOMFUxcHgtV29od2c/HOL-2016/hol-mbl-1654_html_en/,**start-pdf**,http://www.googledrive.com/host/0BwKvJQgQjgwdfkZvYXJrVkpGYkswUTlKanlIRUFoTno1ckx3ZVFLWkJOMFUxcHgtV29od2c/HOL-2016/hol-mbl-1654_pdf_en.pdf,**end-asset**,,,,,,,,,,,,,,,,,,,,,,,,,,,,,,,,,,,
HOL-MBL-1655,**start-asset**,**start-lang**,English,**start-html**,http://www.googledrive.com/host/0BwKvJQgQjgwdfkZvYXJrVkpGYkswUTlKanlIRUFoTno1ckx3ZVFLWkJOMFUxcHgtV29od2c/HOL-2016/hol-mbl-1655_html_en/,**start-pdf**,http://www.googledrive.com/host/0BwKvJQgQjgwdfkZvYXJrVkpGYkswUTlKanlIRUFoTno1ckx3ZVFLWkJOMFUxcHgtV29od2c/HOL-2016/hol-mbl-1655_pdf_en.pdf,**end-asset**,,,,,,,,,,,,,,,,,,,,,,,,,,,,,,,,,,,
HOL-MBL-1656,**start-asset**,**start-lang**,English,**start-html**,http://www.googledrive.com/host/0BwKvJQgQjgwdfkZvYXJrVkpGYkswUTlKanlIRUFoTno1ckx3ZVFLWkJOMFUxcHgtV29od2c/HOL-2016/hol-mbl-1656_html_en/,**start-pdf**,http://www.googledrive.com/host/0BwKvJQgQjgwdfkZvYXJrVkpGYkswUTlKanlIRUFoTno1ckx3ZVFLWkJOMFUxcHgtV29od2c/HOL-2016/hol-mbl-1656_pdf_en.pdf,**next-lang**,**start-lang**,___ (Japanese),**start-html**,http://www.googledrive.com/host/0BwKvJQgQjgwdfkZvYXJrVkpGYkswUTlKanlIRUFoTno1ckx3ZVFLWkJOMFUxcHgtV29od2c/HOL-2016/hol-mbl-1656_html_ja/,**start-pdf**,http://www.googledrive.com/host/0BwKvJQgQjgwdfkZvYXJrVkpGYkswUTlKanlIRUFoTno1ckx3ZVFLWkJOMFUxcHgtV29od2c/HOL-2016/hol-mbl-1656_pdf_ja.pdf,**end-asset**,,,,,,,,,,,,,,,,,,,,,,,,,,,,
HOL-MBL-1657,**start-asset**,**start-lang**,English,**start-html**,http://www.googledrive.com/host/0BwKvJQgQjgwdfkZvYXJrVkpGYkswUTlKanlIRUFoTno1ckx3ZVFLWkJOMFUxcHgtV29od2c/HOL-2016/hol-mbl-1657_html_en/,**start-pdf**,http://www.googledrive.com/host/0BwKvJQgQjgwdfkZvYXJrVkpGYkswUTlKanlIRUFoTno1ckx3ZVFLWkJOMFUxcHgtV29od2c/HOL-2016/hol-mbl-1657_pdf_en.pdf,**next-lang**,**start-lang**,___ (Japanese),**start-html**,http://www.googledrive.com/host/0BwKvJQgQjgwdfkZvYXJrVkpGYkswUTlKanlIRUFoTno1ckx3ZVFLWkJOMFUxcHgtV29od2c/HOL-2016/hol-mbl-1657_html_ja/,**start-pdf**,http://www.googledrive.com/host/0BwKvJQgQjgwdfkZvYXJrVkpGYkswUTlKanlIRUFoTno1ckx3ZVFLWkJOMFUxcHgtV29od2c/HOL-2016/hol-mbl-1657_pdf_ja.pdf,**end-asset**,,,,,,,,,,,,,,,,,,,,,,,,,,,,
HOL-MBL-1658,**start-asset**,**start-lang**,English,**start-html**,http://www.googledrive.com/host/0BwKvJQgQjgwdfkZvYXJrVkpGYkswUTlKanlIRUFoTno1ckx3ZVFLWkJOMFUxcHgtV29od2c/HOL-2016/hol-mbl-1658_html_en/,**start-pdf**,http://www.googledrive.com/host/0BwKvJQgQjgwdfkZvYXJrVkpGYkswUTlKanlIRUFoTno1ckx3ZVFLWkJOMFUxcHgtV29od2c/HOL-2016/hol-mbl-1658_pdf_en.pdf,**end-asset**,,,,,,,,,,,,,,,,,,,,,,,,,,,,,,,,,,,
HOL-MBL-1659,**start-asset**,**start-lang**,English,**start-html**,http://www.googledrive.com/host/0BwKvJQgQjgwdfkZvYXJrVkpGYkswUTlKanlIRUFoTno1ckx3ZVFLWkJOMFUxcHgtV29od2c/HOL-2016/hol-mbl-1659_html_en/,**start-pdf**,http://www.googledrive.com/host/0BwKvJQgQjgwdfkZvYXJrVkpGYkswUTlKanlIRUFoTno1ckx3ZVFLWkJOMFUxcHgtV29od2c/HOL-2016/hol-mbl-1659_pdf_en.pdf,**end-asset**,,,,,,,,,,,,,,,,,,,,,,,,,,,,,,,,,,,
HOL-PRT-1671,**start-asset**,**start-lang**,English,**start-html**,http://www.googledrive.com/host/0BwKvJQgQjgwdfkZvYXJrVkpGYkswUTlKanlIRUFoTno1ckx3ZVFLWkJOMFUxcHgtV29od2c/HOL-2016/hol-prt-1671_html_en/,**start-pdf**,http://www.googledrive.com/host/0BwKvJQgQjgwdfkZvYXJrVkpGYkswUTlKanlIRUFoTno1ckx3ZVFLWkJOMFUxcHgtV29od2c/HOL-2016/hol-prt-1671_pdf_en.pdf,**end-asset**,,,,,,,,,,,,,,,,,,,,,,,,,,,,,,,,,,,
HOL-PRT-1672,**start-asset**,**start-lang**,English,**start-html**,http://www.googledrive.com/host/0BwKvJQgQjgwdfkZvYXJrVkpGYkswUTlKanlIRUFoTno1ckx3ZVFLWkJOMFUxcHgtV29od2c/HOL-2016/hol-prt-1672_html_en/,**start-pdf**,http://www.googledrive.com/host/0BwKvJQgQjgwdfkZvYXJrVkpGYkswUTlKanlIRUFoTno1ckx3ZVFLWkJOMFUxcHgtV29od2c/HOL-2016/hol-prt-1672_pdf_en.pdf,**end-asset**,,,,,,,,,,,,,,,,,,,,,,,,,,,,,,,,,,,
HOL-PRT-1674,**start-asset**,**start-lang**,English,**start-html**,http://www.googledrive.com/host/0BwKvJQgQjgwdfkZvYXJrVkpGYkswUTlKanlIRUFoTno1ckx3ZVFLWkJOMFUxcHgtV29od2c/HOL-2016/hol-prt-1674_html_en/,**start-pdf**,http://www.googledrive.com/host/0BwKvJQgQjgwdfkZvYXJrVkpGYkswUTlKanlIRUFoTno1ckx3ZVFLWkJOMFUxcHgtV29od2c/HOL-2016/hol-prt-1674_pdf_en.pdf,**end-asset**,,,,,,,,,,,,,,,,,,,,,,,,,,,,,,,,,,,
HOL-PRT-1675,**start-asset**,**start-lang**,English,**start-html**,http://www.googledrive.com/host/0BwKvJQgQjgwdfkZvYXJrVkpGYkswUTlKanlIRUFoTno1ckx3ZVFLWkJOMFUxcHgtV29od2c/HOL-2016/hol-prt-1675_html_en/,**start-pdf**,http://www.googledrive.com/host/0BwKvJQgQjgwdfkZvYXJrVkpGYkswUTlKanlIRUFoTno1ckx3ZVFLWkJOMFUxcHgtV29od2c/HOL-2016/hol-prt-1675_pdf_en.pdf,**end-asset**,,,,,,,,,,,,,,,,,,,,,,,,,,,,,,,,,,,
HOL-SDC-1601,**start-asset**,**start-lang**,English,**start-html**,http://www.googledrive.com/host/0BwKvJQgQjgwdfkZvYXJrVkpGYkswUTlKanlIRUFoTno1ckx3ZVFLWkJOMFUxcHgtV29od2c/HOL-2016/hol-sdc-1601_html_en/,**start-pdf**,http://www.googledrive.com/host/0BwKvJQgQjgwdfkZvYXJrVkpGYkswUTlKanlIRUFoTno1ckx3ZVFLWkJOMFUxcHgtV29od2c/HOL-2016/hol-sdc-1601_pdf_en.pdf,**end-asset**,,,,,,,,,,,,,,,,,,,,,,,,,,,,,,,,,,,
HOL-SDC-1602,**start-asset**,**start-lang**,English,**start-html**,http://www.googledrive.com/host/0BwKvJQgQjgwdfkZvYXJrVkpGYkswUTlKanlIRUFoTno1ckx3ZVFLWkJOMFUxcHgtV29od2c/HOL-2016/hol-sdc-1602_html_en/,**start-pdf**,http://www.googledrive.com/host/0BwKvJQgQjgwdfkZvYXJrVkpGYkswUTlKanlIRUFoTno1ckx3ZVFLWkJOMFUxcHgtV29od2c/HOL-2016/hol-sdc-1602_pdf_en.pdf,**end-asset**,,,,,,,,,,,,,,,,,,,,,,,,,,,,,,,,,,,
HOL-SDC-1603,**start-asset**,**start-lang**,English,**start-html**,http://www.googledrive.com/host/0BwKvJQgQjgwdfkZvYXJrVkpGYkswUTlKanlIRUFoTno1ckx3ZVFLWkJOMFUxcHgtV29od2c/HOL-2016/hol-sdc-1603_html_en/,**start-pdf**,http://www.googledrive.com/host/0BwKvJQgQjgwdfkZvYXJrVkpGYkswUTlKanlIRUFoTno1ckx3ZVFLWkJOMFUxcHgtV29od2c/HOL-2016/hol-sdc-1603_pdf_en.pdf,**next-lang**,**start-lang**,___ (Japanese),**start-html**,http://www.googledrive.com/host/0BwKvJQgQjgwdfkZvYXJrVkpGYkswUTlKanlIRUFoTno1ckx3ZVFLWkJOMFUxcHgtV29od2c/HOL-2016/hol-sdc-1603_html_ja/,**start-pdf**,http://www.googledrive.com/host/0BwKvJQgQjgwdfkZvYXJrVkpGYkswUTlKanlIRUFoTno1ckx3ZVFLWkJOMFUxcHgtV29od2c/HOL-2016/hol-sdc-1603_pdf_ja.pdf,**next-lang**,**start-lang**,__ (Chinese),**start-html**,http://www.googledrive.com/host/0BwKvJQgQjgwdfkZvYXJrVkpGYkswUTlKanlIRUFoTno1ckx3ZVFLWkJOMFUxcHgtV29od2c/HOL-2016/hol-sdc-1603_html_zh/,**start-pdf**,http://www.googledrive.com/host/0BwKvJQgQjgwdfkZvYXJrVkpGYkswUTlKanlIRUFoTno1ckx3ZVFLWkJOMFUxcHgtV29od2c/HOL-2016/hol-sdc-1603_pdf_zh.pdf,**next-lang**,**start-lang**,___ (Korean),**start-html**,http://www.googledrive.com/host/0BwKvJQgQjgwdfkZvYXJrVkpGYkswUTlKanlIRUFoTno1ckx3ZVFLWkJOMFUxcHgtV29od2c/HOL-2016/hol-sdc-1603_html_ko/,**start-pdf**,http://www.googledrive.com/host/0BwKvJQgQjgwdfkZvYXJrVkpGYkswUTlKanlIRUFoTno1ckx3ZVFLWkJOMFUxcHgtV29od2c/HOL-2016/hol-sdc-1603_pdf_ko.pdf,**next-lang**,**start-lang**,Español,**start-html**,http://www.googledrive.com/host/0BwKvJQgQjgwdfkZvYXJrVkpGYkswUTlKanlIRUFoTno1ckx3ZVFLWkJOMFUxcHgtV29od2c/HOL-2016/hol-sdc-1603_html_es/,**start-pdf**,http://www.googledrive.com/host/0BwKvJQgQjgwdfkZvYXJrVkpGYkswUTlKanlIRUFoTno1ckx3ZVFLWkJOMFUxcHgtV29od2c/HOL-2016/hol-sdc-1603_pdf_es.pdf,**next-lang**,**start-lang**,Português,**start-html**,http://www.googledrive.com/host/0BwKvJQgQjgwdfkZvYXJrVkpGYkswUTlKanlIRUFoTno1ckx3ZVFLWkJOMFUxcHgtV29od2c/HOL-2016/hol-sdc-1603_html_pt/,**start-pdf**,http://www.googledrive.com/host/0BwKvJQgQjgwdfkZvYXJrVkpGYkswUTlKanlIRUFoTno1ckx3ZVFLWkJOMFUxcHgtV29od2c/HOL-2016/hol-sdc-1603_pdf_pt.pdf,**end-asset**
HOL-SDC-1604,**start-asset**,**start-lang**,English,**start-html**,http://www.googledrive.com/host/0BwKvJQgQjgwdfkZvYXJrVkpGYkswUTlKanlIRUFoTno1ckx3ZVFLWkJOMFUxcHgtV29od2c/HOL-2016/hol-sdc-1604_html_en/,**start-pdf**,http://www.googledrive.com/host/0BwKvJQgQjgwdfkZvYXJrVkpGYkswUTlKanlIRUFoTno1ckx3ZVFLWkJOMFUxcHgtV29od2c/HOL-2016/hol-sdc-1604_pdf_en.pdf,**end-asset**,,,,,,,,,,,,,,,,,,,,,,,,,,,,,,,,,,,
HOL-SDC-1605,**start-asset**,**start-lang**,English,**start-html**,http://www.googledrive.com/host/0BwKvJQgQjgwdfkZvYXJrVkpGYkswUTlKanlIRUFoTno1ckx3ZVFLWkJOMFUxcHgtV29od2c/HOL-2016/hol-sdc-1605_html_en/,**start-pdf**,http://www.googledrive.com/host/0BwKvJQgQjgwdfkZvYXJrVkpGYkswUTlKanlIRUFoTno1ckx3ZVFLWkJOMFUxcHgtV29od2c/HOL-2016/hol-sdc-1605_pdf_en.pdf,**end-asset**,,,,,,,,,,,,,,,,,,,,,,,,,,,,,,,,,,,
HOL-SDC-1606,**start-asset**,**start-lang**,English,**start-html**,http://www.googledrive.com/host/0BwKvJQgQjgwdfkZvYXJrVkpGYkswUTlKanlIRUFoTno1ckx3ZVFLWkJOMFUxcHgtV29od2c/HOL-2016/hol-sdc-1606_html_en/,**start-pdf**,http://www.googledrive.com/host/0BwKvJQgQjgwdfkZvYXJrVkpGYkswUTlKanlIRUFoTno1ckx3ZVFLWkJOMFUxcHgtV29od2c/HOL-2016/hol-sdc-1606_pdf_en.pdf,**end-asset**,,,,,,,,,,,,,,,,,,,,,,,,,,,,,,,,,,,
HOL-SDC-1608,**start-asset**,**start-lang**,English,**start-html**,http://www.googledrive.com/host/0BwKvJQgQjgwdfkZvYXJrVkpGYkswUTlKanlIRUFoTno1ckx3ZVFLWkJOMFUxcHgtV29od2c/HOL-2016/hol-sdc-1608_html_en/,**start-pdf**,http://www.googledrive.com/host/0BwKvJQgQjgwdfkZvYXJrVkpGYkswUTlKanlIRUFoTno1ckx3ZVFLWkJOMFUxcHgtV29od2c/HOL-2016/hol-sdc-1608_pdf_en.pdf,**next-lang**,**start-lang**,___ (Japanese),**start-html**,http://www.googledrive.com/host/0BwKvJQgQjgwdfkZvYXJrVkpGYkswUTlKanlIRUFoTno1ckx3ZVFLWkJOMFUxcHgtV29od2c/HOL-2016/hol-sdc-1608_html_ja/,**start-pdf**,http://www.googledrive.com/host/0BwKvJQgQjgwdfkZvYXJrVkpGYkswUTlKanlIRUFoTno1ckx3ZVFLWkJOMFUxcHgtV29od2c/HOL-2016/hol-sdc-1608_pdf_ja.pdf,**next-lang**,**start-lang**,__ (Chinese),**start-html**,http://www.googledrive.com/host/0BwKvJQgQjgwdfkZvYXJrVkpGYkswUTlKanlIRUFoTno1ckx3ZVFLWkJOMFUxcHgtV29od2c/HOL-2016/hol-sdc-1608_html_zh/,**start-pdf**,http://www.googledrive.com/host/0BwKvJQgQjgwdfkZvYXJrVkpGYkswUTlKanlIRUFoTno1ckx3ZVFLWkJOMFUxcHgtV29od2c/HOL-2016/hol-sdc-1608_pdf_zh.pdf,**end-asset**,,,,,,,,,,,,,,,,,,,,,
HOL-SDC-1609,**start-asset**,**start-lang**,English,**start-html**,http://www.googledrive.com/host/0BwKvJQgQjgwdfkZvYXJrVkpGYkswUTlKanlIRUFoTno1ckx3ZVFLWkJOMFUxcHgtV29od2c/HOL-2016/hol-sdc-1609_html_en/,**start-pdf**,http://www.googledrive.com/host/0BwKvJQgQjgwdfkZvYXJrVkpGYkswUTlKanlIRUFoTno1ckx3ZVFLWkJOMFUxcHgtV29od2c/HOL-2016/hol-sdc-1609_pdf_en.pdf,**end-asset**,,,,,,,,,,,,,,,,,,,,,,,,,,,,,,,,,,,
HOL-SDC-1610,**start-asset**,**start-lang**,English,**start-html**,http://www.googledrive.com/host/0BwKvJQgQjgwdfkZvYXJrVkpGYkswUTlKanlIRUFoTno1ckx3ZVFLWkJOMFUxcHgtV29od2c/HOL-2016/hol-sdc-1610_html_en/,**start-pdf**,http://www.googledrive.com/host/0BwKvJQgQjgwdfkZvYXJrVkpGYkswUTlKanlIRUFoTno1ckx3ZVFLWkJOMFUxcHgtV29od2c/HOL-2016/hol-sdc-1610_pdf_en.pdf,**next-lang**,**start-lang**,___ (Japanese),**start-html**,http://www.googledrive.com/host/0BwKvJQgQjgwdfkZvYXJrVkpGYkswUTlKanlIRUFoTno1ckx3ZVFLWkJOMFUxcHgtV29od2c/HOL-2016/hol-sdc-1610_html_ja/,**start-pdf**,http://www.googledrive.com/host/0BwKvJQgQjgwdfkZvYXJrVkpGYkswUTlKanlIRUFoTno1ckx3ZVFLWkJOMFUxcHgtV29od2c/HOL-2016/hol-sdc-1610_pdf_ja.pdf,**next-lang**,**start-lang**,__ (Chinese),**start-html**,http://www.googledrive.com/host/0BwKvJQgQjgwdfkZvYXJrVkpGYkswUTlKanlIRUFoTno1ckx3ZVFLWkJOMFUxcHgtV29od2c/HOL-2016/hol-sdc-1610_html_zh/,**start-pdf**,http://www.googledrive.com/host/0BwKvJQgQjgwdfkZvYXJrVkpGYkswUTlKanlIRUFoTno1ckx3ZVFLWkJOMFUxcHgtV29od2c/HOL-2016/hol-sdc-1610_pdf_zh.pdf,**next-lang**,**start-lang**,Português,**start-html**,http://www.googledrive.com/host/0BwKvJQgQjgwdfkZvYXJrVkpGYkswUTlKanlIRUFoTno1ckx3ZVFLWkJOMFUxcHgtV29od2c/HOL-2016/hol-sdc-1610_html_zh/,**start-pdf**,http://www.googledrive.com/host/0BwKvJQgQjgwdfkZvYXJrVkpGYkswUTlKanlIRUFoTno1ckx3ZVFLWkJOMFUxcHgtV29od2c/HOL-2016/hol-sdc-1610_pdf_zh.pdf,**end-asset**,,,,,,,,,,,,,,
HOL-SDC-1611,**start-asset**,**start-lang**,English,**start-html**,http://www.googledrive.com/host/0BwKvJQgQjgwdfkZvYXJrVkpGYkswUTlKanlIRUFoTno1ckx3ZVFLWkJOMFUxcHgtV29od2c/HOL-2016/hol-sdc-1611_html_en/,**start-pdf**,http://www.googledrive.com/host/0BwKvJQgQjgwdfkZvYXJrVkpGYkswUTlKanlIRUFoTno1ckx3ZVFLWkJOMFUxcHgtV29od2c/HOL-2016/hol-sdc-1611_pdf_en.pdf,**end-asset**,,,,,,,,,,,,,,,,,,,,,,,,,,,,,,,,,,,
HOL-SDC-1613,**start-asset**,**start-lang**,English,**start-html**,http://www.googledrive.com/host/0BwKvJQgQjgwdfkZvYXJrVkpGYkswUTlKanlIRUFoTno1ckx3ZVFLWkJOMFUxcHgtV29od2c/HOL-2016/hol-sdc-1613_html_en/,**start-pdf**,http://www.googledrive.com/host/0BwKvJQgQjgwdfkZvYXJrVkpGYkswUTlKanlIRUFoTno1ckx3ZVFLWkJOMFUxcHgtV29od2c/HOL-2016/hol-sdc-1613_pdf_en.pdf,**end-asset**,,,,,,,,,,,,,,,,,,,,,,,,,,,,,,,,,,,
HOL-SDC-1620,**start-asset**,**start-lang**,English,**start-html**,http://www.googledrive.com/host/0BwKvJQgQjgwdfkZvYXJrVkpGYkswUTlKanlIRUFoTno1ckx3ZVFLWkJOMFUxcHgtV29od2c/HOL-2016/hol-sdc-1620_html_en/,**start-pdf**,http://www.googledrive.com/host/0BwKvJQgQjgwdfkZvYXJrVkpGYkswUTlKanlIRUFoTno1ckx3ZVFLWkJOMFUxcHgtV29od2c/HOL-2016/hol-sdc-1620_pdf_en.pdf,**end-asset**,,,,,,,,,,,,,,,,,,,,,,,,,,,,,,,,,,,
HOL-SDC-1621,**start-asset**,**start-lang**,English,**start-html**,http://www.googledrive.com/host/0BwKvJQgQjgwdfkZvYXJrVkpGYkswUTlKanlIRUFoTno1ckx3ZVFLWkJOMFUxcHgtV29od2c/HOL-2016/hol-sdc-1621_html_en/,**start-pdf**,http://www.googledrive.com/host/0BwKvJQgQjgwdfkZvYXJrVkpGYkswUTlKanlIRUFoTno1ckx3ZVFLWkJOMFUxcHgtV29od2c/HOL-2016/hol-sdc-1621_pdf_en.pdf,**next-lang**,**start-lang**,__ (Chinese),**start-html**,http://www.googledrive.com/host/0BwKvJQgQjgwdfkZvYXJrVkpGYkswUTlKanlIRUFoTno1ckx3ZVFLWkJOMFUxcHgtV29od2c/HOL-2016/hol-sdc-1621_html_zh/,**start-pdf**,http://www.googledrive.com/host/0BwKvJQgQjgwdfkZvYXJrVkpGYkswUTlKanlIRUFoTno1ckx3ZVFLWkJOMFUxcHgtV29od2c/HOL-2016/hol-sdc-1621_pdf_zh.pdf,**end-asset**,,,,,,,,,,,,,,,,,,,,,,,,,,,,
HOL-SDC-1622,**start-asset**,**start-lang**,English,**start-html**,http://www.googledrive.com/host/0BwKvJQgQjgwdfkZvYXJrVkpGYkswUTlKanlIRUFoTno1ckx3ZVFLWkJOMFUxcHgtV29od2c/HOL-2016/hol-sdc-1622_html_en/,**start-pdf**,http://www.googledrive.com/host/0BwKvJQgQjgwdfkZvYXJrVkpGYkswUTlKanlIRUFoTno1ckx3ZVFLWkJOMFUxcHgtV29od2c/HOL-2016/hol-sdc-1622_pdf_en.pdf,**end-asset**,,,,,,,,,,,,,,,,,,,,,,,,,,,,,,,,,,,
HOL-SDC-1624,**start-asset**,**start-lang**,English,**start-html**,http://www.googledrive.com/host/0BwKvJQgQjgwdfkZvYXJrVkpGYkswUTlKanlIRUFoTno1ckx3ZVFLWkJOMFUxcHgtV29od2c/HOL-2016/hol-sdc-1624_html_en/,**start-pdf**,http://www.googledrive.com/host/0BwKvJQgQjgwdfkZvYXJrVkpGYkswUTlKanlIRUFoTno1ckx3ZVFLWkJOMFUxcHgtV29od2c/HOL-2016/hol-sdc-1624_pdf_en.pdf,**end-asset**,,,,,,,,,,,,,,,,,,,,,,,,,,,,,,,,,,,
HOL-SDC-1625,**start-asset**,**start-lang**,English,**start-html**,http://www.googledrive.com/host/0BwKvJQgQjgwdfkZvYXJrVkpGYkswUTlKanlIRUFoTno1ckx3ZVFLWkJOMFUxcHgtV29od2c/HOL-2016/hol-sdc-1625_html_en/,**start-pdf**,http://www.googledrive.com/host/0BwKvJQgQjgwdfkZvYXJrVkpGYkswUTlKanlIRUFoTno1ckx3ZVFLWkJOMFUxcHgtV29od2c/HOL-2016/hol-sdc-1625_pdf_en.pdf,**end-asset**,,,,,,,,,,,,,,,,,,,,,,,,,,,,,,,,,,,
HOL-SDC-1627,**start-asset**,**start-lang**,English,**start-html**,http://www.googledrive.com/host/0BwKvJQgQjgwdfkZvYXJrVkpGYkswUTlKanlIRUFoTno1ckx3ZVFLWkJOMFUxcHgtV29od2c/HOL-2016/hol-sdc-1627_html_en/,**start-pdf**,http://www.googledrive.com/host/0BwKvJQgQjgwdfkZvYXJrVkpGYkswUTlKanlIRUFoTno1ckx3ZVFLWkJOMFUxcHgtV29od2c/HOL-2016/hol-sdc-1627_pdf_en.pdf,**end-asset**,,,,,,,,,,,,,,,,,,,,,,,,,,,,,,,,,,,
HOL-SDC-1628,**start-asset**,**start-lang**,English,**start-html**,http://www.googledrive.com/host/0BwKvJQgQjgwdfkZvYXJrVkpGYkswUTlKanlIRUFoTno1ckx3ZVFLWkJOMFUxcHgtV29od2c/HOL-2016/hol-sdc-1628_html_en/,**start-pdf**,http://www.googledrive.com/host/0BwKvJQgQjgwdfkZvYXJrVkpGYkswUTlKanlIRUFoTno1ckx3ZVFLWkJOMFUxcHgtV29od2c/HOL-2016/hol-sdc-1628_pdf_en.pdf,**next-lang**,**start-lang**,___ (Japanese),**start-html**,http://www.googledrive.com/host/0BwKvJQgQjgwdfkZvYXJrVkpGYkswUTlKanlIRUFoTno1ckx3ZVFLWkJOMFUxcHgtV29od2c/HOL-2016/hol-sdc-1628_html_ja/,**start-pdf**,http://www.googledrive.com/host/0BwKvJQgQjgwdfkZvYXJrVkpGYkswUTlKanlIRUFoTno1ckx3ZVFLWkJOMFUxcHgtV29od2c/HOL-2016/hol-sdc-1628_pdf_ja.pdf,**end-asset**,,,,,,,,,,,,,,,,,,,,,,,,,,,,
HOL-SDC-1630,**start-asset**,**start-lang**,English,**start-html**,http://www.googledrive.com/host/0BwKvJQgQjgwdfkZvYXJrVkpGYkswUTlKanlIRUFoTno1ckx3ZVFLWkJOMFUxcHgtV29od2c/HOL-2016/hol-sdc-1630_html_en/,**start-pdf**,http://www.googledrive.com/host/0BwKvJQgQjgwdfkZvYXJrVkpGYkswUTlKanlIRUFoTno1ckx3ZVFLWkJOMFUxcHgtV29od2c/HOL-2016/hol-sdc-1630_pdf_en.pdf,**end-asset**,,,,,,,,,,,,,,,,,,,,,,,,,,,,,,,,,,,
HOL-SDC-1631,**start-asset**,**start-lang**,English,**start-html**,http://www.googledrive.com/host/0BwKvJQgQjgwdfkZvYXJrVkpGYkswUTlKanlIRUFoTno1ckx3ZVFLWkJOMFUxcHgtV29od2c/HOL-2016/hol-sdc-1631_html_en/,**start-pdf**,http://www.googledrive.com/host/0BwKvJQgQjgwdfkZvYXJrVkpGYkswUTlKanlIRUFoTno1ckx3ZVFLWkJOMFUxcHgtV29od2c/HOL-2016/hol-sdc-1631_pdf_en.pdf,**end-asset**,,,,,,,,,,,,,,,,,,,,,,,,,,,,,,,,,,,
HOL-SDC-1632,**start-asset**,**start-lang**,English,**start-html**,http://www.googledrive.com/host/0BwKvJQgQjgwdfkZvYXJrVkpGYkswUTlKanlIRUFoTno1ckx3ZVFLWkJOMFUxcHgtV29od2c/HOL-2016/hol-sdc-1632_html_en/,**start-pdf**,http://www.googledrive.com/host/0BwKvJQgQjgwdfkZvYXJrVkpGYkswUTlKanlIRUFoTno1ckx3ZVFLWkJOMFUxcHgtV29od2c/HOL-2016/hol-sdc-1632_pdf_en.pdf,**end-asset**,,,,,,,,,,,,,,,,,,,,,,,,,,,,,,,,,,,